{"binary_accuracy": [0.7280358672142029, 0.8760647773742676, 0.9155091047286987, 0.9453141093254089, 0.960144579410553, 0.9648136496543884, 0.970252513885498, 0.9702903032302856, 0.9700732231140137, 0.9728415012359619, 0.9716671705245972, 0.973160445690155, 0.9743116497993469, 0.9745436906814575, 0.9757175445556641, 0.9756786227226257, 0.9767774939537048, 0.9773303270339966, 0.9753574132919312, 0.9769288897514343, 0.9772345423698425, 0.9784842729568481, 0.9776989221572876, 0.9788405895233154, 0.9778512716293335, 0.9784739017486572, 0.9754852056503296, 0.9783522486686707, 0.9792236089706421, 0.9789499640464783, 0.9788828492164612, 0.97873455286026, 0.9797343611717224, 0.9794068336486816, 0.980442464351654, 0.9806314706802368, 0.9809377789497375, 0.9808827042579651, 0.9809966087341309, 0.9811397194862366, 0.9813318848609924, 0.9813222289085388, 0.9814764857292175, 0.9814192652702332, 0.9813659191131592, 0.9813227653503418, 0.9815252423286438, 0.9815598130226135, 0.9814483523368835, 0.9816173911094666, 0.9816203713417053, 0.9816443920135498, 0.9814314842224121, 0.9815852642059326, 0.9816926717758179, 0.9815975427627563], "dice_coef": [0.4235745668411255, 0.6944442987442017, 0.8195987939834595, 0.8858340978622437, 0.9179233312606812, 0.9271201491355896, 0.9384774565696716, 0.9389520883560181, 0.9383720755577087, 0.9438552856445312, 0.9418529868125916, 0.9447750449180603, 0.946744978427887, 0.9477595090866089, 0.9500767588615417, 0.9498452544212341, 0.9521543383598328, 0.9533107280731201, 0.9491313099861145, 0.9523327350616455, 0.952979326248169, 0.9550287127494812, 0.9539167881011963, 0.9564070105552673, 0.9540818929672241, 0.9560407400131226, 0.949030876159668, 0.9551403522491455, 0.9569191932678223, 0.956634521484375, 0.9562541246414185, 0.9561232328414917, 0.9579654335975647, 0.9575258493423462, 0.9600699543952942, 0.9604109525680542, 0.9608415365219116, 0.9604668021202087, 0.9608675241470337, 0.9613352417945862, 0.9612943530082703, 0.9615691900253296, 0.9619556665420532, 0.9622181057929993, 0.9616870284080505, 0.9618936777114868, 0.9620888829231262, 0.9622488021850586, 0.9622710347175598, 0.9625970721244812, 0.9621915817260742, 0.9624121189117432, 0.9621551632881165, 0.9622724652290344, 0.9626753330230713, 0.962381899356842], "iou_coef": [0.2710845470428467, 0.5399773120880127, 0.6974357962608337, 0.797334611415863, 0.8496431112289429, 0.8652520775794983, 0.8847411274909973, 0.8856394290924072, 0.8846719861030579, 0.894282341003418, 0.8909053802490234, 0.896024763584137, 0.8995266556739807, 0.9013468623161316, 0.905489981174469, 0.905026376247406, 0.9091966152191162, 0.9113000631332397, 0.9038225412368774, 0.9096008539199829, 0.9106642007827759, 0.9144175052642822, 0.912456750869751, 0.9168594479560852, 0.9127549529075623, 0.9162482619285583, 0.9038717150688171, 0.9146403074264526, 0.9178678393363953, 0.9173710346221924, 0.9167037606239319, 0.9164290428161621, 0.9197014570236206, 0.9189273118972778, 0.9235788583755493, 0.9242290258407593, 0.9250126481056213, 0.9243789315223694, 0.9250792264938354, 0.9258758425712585, 0.9258121848106384, 0.9262915253639221, 0.9270305037498474, 0.9275254607200623, 0.9265467524528503, 0.9268803596496582, 0.9272560477256775, 0.9275524616241455, 0.927588939666748, 0.9282287359237671, 0.9274730086326599, 0.9278824925422668, 0.9274596571922302, 0.9276074171066284, 0.9283420443534851, 0.9278140068054199], "loss": [0.5537391304969788, 0.31004098057746887, 0.20550622045993805, 0.1385389268398285, 0.09964776039123535, 0.08867430686950684, 0.07405328005552292, 0.07441919296979904, 0.07425112277269363, 0.06777600198984146, 0.07054167985916138, 0.0668913722038269, 0.06436938047409058, 0.06296217441558838, 0.060435641556978226, 0.06022872403264046, 0.05750465393066406, 0.056283749639987946, 0.06116969510912895, 0.05726137012243271, 0.05626191943883896, 0.05376310274004936, 0.05543156713247299, 0.052023325115442276, 0.055307868868112564, 0.052396420389413834, 0.061039697378873825, 0.05375237762928009, 0.05111924558877945, 0.051706038415431976, 0.05190763995051384, 0.05206204205751419, 0.050002310425043106, 0.050619788467884064, 0.047241903841495514, 0.04651976004242897, 0.04601525515317917, 0.04598858952522278, 0.04584234952926636, 0.04530460387468338, 0.044744715094566345, 0.04463488608598709, 0.04418865218758583, 0.044268134981393814, 0.04451948404312134, 0.044500432908535004, 0.04404950886964798, 0.04394415020942688, 0.04404296353459358, 0.04375702887773514, 0.043899763375520706, 0.04375199228525162, 0.04413884878158569, 0.04380849003791809, 0.04354821518063545, 0.04388242959976196], "val_binary_accuracy": [0.9055623412132263, 0.8911768794059753, 0.9492515921592712, 0.9625731706619263, 0.9688491821289062, 0.9744738936424255, 0.9732556939125061, 0.9732202291488647, 0.9764416813850403, 0.9756602048873901, 0.9745468497276306, 0.9766270518302917, 0.9773036241531372, 0.9770103096961975, 0.9777483344078064, 0.9775615334510803, 0.9798362851142883, 0.9794495701789856, 0.9795808792114258, 0.9801110029220581, 0.9804230332374573, 0.9800719022750854, 0.9808488488197327, 0.9803228378295898, 0.9797658920288086, 0.9796474575996399, 0.9801044464111328, 0.9803969264030457, 0.9812158942222595, 0.9797616600990295, 0.9800190925598145, 0.9811840653419495, 0.9811934232711792, 0.9812161326408386, 0.9814333915710449, 0.981212317943573, 0.9813116788864136, 0.9813069105148315, 0.9814172387123108, 0.9814472198486328, 0.9815377593040466, 0.9813662767410278, 0.9814922213554382, 0.9815191626548767, 0.981392502784729, 0.9814570546150208, 0.9814726710319519, 0.9814981818199158, 0.981532096862793, 0.9815007448196411, 0.9815493822097778, 0.9815447926521301, 0.9815494418144226, 0.9815464019775391, 0.9814875721931458, 0.9814885258674622], "val_dice_coef": [0.5356060266494751, 0.7520805597305298, 0.8845497369766235, 0.9156759977340698, 0.9398213028907776, 0.9485903978347778, 0.946647584438324, 0.9429692029953003, 0.9486267566680908, 0.9512423276901245, 0.9454641938209534, 0.9492814540863037, 0.9517328143119812, 0.9484692215919495, 0.9451163411140442, 0.9554839134216309, 0.9603747129440308, 0.9542757272720337, 0.9591802358627319, 0.9602116346359253, 0.956773042678833, 0.958674967288971, 0.9598211050033569, 0.9585232734680176, 0.9591789841651917, 0.9545095562934875, 0.9576809406280518, 0.9614032506942749, 0.9625119566917419, 0.9552444219589233, 0.9574105143547058, 0.9620382785797119, 0.9594128131866455, 0.9610268473625183, 0.9622749090194702, 0.9615148901939392, 0.9624355435371399, 0.9619073867797852, 0.962384045124054, 0.9609942436218262, 0.9627780914306641, 0.9623638391494751, 0.9630658030509949, 0.9625076651573181, 0.9623275995254517, 0.9621928930282593, 0.9625043272972107, 0.9626968502998352, 0.9628812074661255, 0.9626651406288147, 0.9628065824508667, 0.9629172086715698, 0.9627999067306519, 0.9629186391830444, 0.9628147482872009, 0.9627771377563477],