{
  "fold": {
    "0": {
      "accuracy": 0.825,
      "sensitivity": 0.9102564102564102,
      "specificity": 0.7439024390243902,
      "precision": 0.7717391304347826,
      "f1": 0.8352941176470589,
      "auc": 0.9287054409005628
    },
    "1": {
      "accuracy": 0.7875,
      "sensitivity": 0.9113924050632911,
      "specificity": 0.6666666666666666,
      "precision": 0.7272727272727273,
      "f1": 0.8089887640449438,
      "auc": 0.9038912330051571
    },
    "2": {
      "accuracy": 0.80625,
      "sensitivity": 0.9113924050632911,
      "specificity": 0.7037037037037037,
      "precision": 0.75,
      "f1": 0.8228571428571428,
      "auc": 0.9115486794811689
    },
    "3": {
      "accuracy": 0.7625,
      "sensitivity": 0.9113924050632911,
      "specificity": 0.6172839506172839,
      "precision": 0.6990291262135923,
      "f1": 0.7912087912087912,
      "auc": 0.8882637912173776
    },
    "4": {
      "accuracy": 0.8,
      "sensitivity": 0.9113924050632911,
      "specificity": 0.691358024691358,
      "precision": 0.7422680412371134,
      "f1": 0.8181818181818182,
      "auc": 0.9018596655727458
    }
  },
  "mean": {
    "accuracy": 0.7962499999999999,
    "sensitivity": 0.911165206101915,
    "specificity": 0.6845829569406805,
    "precision": 0.7380618050316431,
    "f1": 0.815306126787951,
    "auc": 0.9068537620354025
  },
  "std": {
    "accuracy": 0.020766559657295194,
    "sensitivity": 0.00045439792275234756,
    "specificity": 0.04190573985453733,
    "precision": 0.024225314788578922,
    "f1": 0.014733620582159105,
    "auc": 0.013257772903448303
  }
}