{
  "mean": {
    "accuracy": 0.7962499999999999,
    "sensitivity": 0.911165206101915,
    "specificity": 0.6845829569406805,
    "precision": 0.7380618050316431,
    "f1": 0.815306126787951,
    "auc": 0.9068537620354025
  },
  "std": {
    "accuracy": 0.020766559657295194,
    "sensitivity": 0.00045439792275234756,
    "specificity": 0.04190573985453733,
    "precision": 0.024225314788578922,
    "f1": 0.014733620582159105,
    "auc": 0.013257772903448303
  }
}